<?xml version="1.0"?>
<xml><dvd><id_film>1</id_film><judul>Harry Potter 1</judul><kategori>fiksi</kategori><durasi>125</durasi><sutradara>JK Rowling</sutradara></dvd><dvd><id_film>2</id_film><judul>Harry Potter 2</judul><kategori>fiksi</kategori><durasi>120</durasi><sutradara>JK Rowling</sutradara></dvd><dvd><id_film>3</id_film><judul>Transformer 1</judul><kategori>fiksi</kategori><durasi>120</durasi><sutradara>M Shalman</sutradara></dvd><dvd><id_film>4</id_film><judul>Spiderman 1</judul><kategori>action</kategori><durasi>120</durasi><sutradara>Marvel</sutradara></dvd></xml>
